{
    "success": true,
    "data": [
        {
            "id": 1,
            "chip": "815233803524950",
            "name": "Molly",
            "gender": "female",
            "breed_id": 211,
            "color_id": 3,
            "birthdate": "2010-10-05",
            "deathdate": null,
            "owner_dni": "37966957Y",
            "owner_fullname": "Africa Hidalgo",
            "residence": "Passeig Berta, 92, 57\u00ba D, 13497, As Cant\u00fa de Lemos",
            "created_at": "2019-05-25 21:10:48",
            "updated_at": "2019-05-25 21:10:48"
        },
        {
            "id": 2,
            "chip": "139599043728211",
            "name": "Sophie",
            "gender": "female",
            "breed_id": 45,
            "color_id": 2,
            "birthdate": "2017-09-19",
            "deathdate": null,
            "owner_dni": "09018231T",
            "owner_fullname": "Sa\u00fal Bautista",
            "residence": "Plaza Gal\u00e1n, 8, 38\u00ba A, 08339, Otero de Lemos",
            "created_at": "2019-05-25 21:10:48",
            "updated_at": "2019-05-25 21:10:48"
        },
        {
            "id": 3,
            "chip": "556233410672311",
            "name": "Loki",
            "gender": "male",
            "breed_id": 167,
            "color_id": 6,
            "birthdate": "2013-01-25",
            "deathdate": null,
            "owner_dni": "41111070L",
            "owner_fullname": "Srita. Alicia Delapaz",
            "residence": "Camino Miriam, 36, 16\u00ba B, 70578, El Olmos",
            "created_at": "2019-05-25 21:10:48",
            "updated_at": "2019-05-25 21:10:48"
        },
        {
            "id": 4,
            "chip": "961032586159183",
            "name": "Bear",
            "gender": "male",
            "breed_id": 199,
            "color_id": 3,
            "birthdate": "2012-09-05",
            "deathdate": "2013-04-16",
            "owner_dni": "27049872D",
            "owner_fullname": "Aroa Aguado",
            "residence": "Cami\u00f1o Alexia, 4, 53\u00ba F, 20231, Cortez del Vall\u00e8s",
            "created_at": "2019-05-25 21:10:48",
            "updated_at": "2019-05-25 21:10:48"
        },
        {
            "id": 5,
            "chip": "992614295738457",
            "name": "Bella",
            "gender": "female",
            "breed_id": 178,
            "color_id": 6,
            "birthdate": "2015-11-09",
            "deathdate": "2019-04-25",
            "owner_dni": "60976569G",
            "owner_fullname": "Daniela Serna",
            "residence": "Pla\u00e7a Rinc\u00f3n, 472, 8\u00ba 6\u00ba, 66450, As Marroqu\u00edn Baja",
            "created_at": "2019-05-25 21:10:48",
            "updated_at": "2019-05-25 21:10:48"
        },
        {
            "id": 6,
            "chip": "805991916190379",
            "name": "Finn",
            "gender": "male",
            "breed_id": 88,
            "color_id": 1,
            "birthdate": "2010-12-12",
            "deathdate": null,
            "owner_dni": "60103583Y",
            "owner_fullname": "Alicia Rangel",
            "residence": "Passeig Ocampo, 6, Entre suelo 6\u00ba, 19999, Moreno del Vall\u00e8s",
            "created_at": "2019-05-25 21:10:48",
            "updated_at": "2019-05-25 21:10:48"
        },
        {
            "id": 7,
            "chip": "458007664528348",
            "name": "Toby",
            "gender": "male",
            "breed_id": 139,
            "color_id": 3,
            "birthdate": "2014-01-09",
            "deathdate": "2016-12-24",
            "owner_dni": "48322581H",
            "owner_fullname": "Martina Tejeda",
            "residence": "Passeig Ulloa, 9, 3\u00ba F, 87973, Ruvalcaba del Pozo",
            "created_at": "2019-05-25 21:10:48",
            "updated_at": "2019-05-25 21:10:48"
        },
        {
            "id": 8,
            "chip": "719566578307753",
            "name": "Luna",
            "gender": "female",
            "breed_id": 27,
            "color_id": 6,
            "birthdate": "2016-11-12",
            "deathdate": null,
            "owner_dni": "35468221J",
            "owner_fullname": "Celia Posada",
            "residence": "Paseo Alexia, 31, Bajo 1\u00ba, 81301, El Pacheco de las Torres",
            "created_at": "2019-05-25 21:10:48",
            "updated_at": "2019-05-25 21:10:48"
        },
        {
            "id": 9,
            "chip": "008266050553926",
            "name": "Finn",
            "gender": "male",
            "breed_id": 165,
            "color_id": 6,
            "birthdate": "2015-08-17",
            "deathdate": "2015-10-15",
            "owner_dni": "65726325F",
            "owner_fullname": "Carla Cadena",
            "residence": "Ruela Jos\u00e9 Manuel, 2, 3\u00ba A, 26489, San Collado del Pened\u00e8s",
            "created_at": "2019-05-25 21:10:48",
            "updated_at": "2019-05-25 21:10:48"
        },
        {
            "id": 10,
            "chip": "564574708104003",
            "name": "Coco",
            "gender": "female",
            "breed_id": 200,
            "color_id": 3,
            "birthdate": "2014-01-24",
            "deathdate": null,
            "owner_dni": "31865107X",
            "owner_fullname": "Raquel Zepeda",
            "residence": "Paseo Pagan, 5, 2\u00ba C, 08266, Padilla de las Torres",
            "created_at": "2019-05-25 21:10:48",
            "updated_at": "2019-05-25 21:10:48"
        },
        {
            "id": 11,
            "chip": "992146783882860",
            "name": "Cooper",
            "gender": "male",
            "breed_id": 28,
            "color_id": 7,
            "birthdate": "2014-12-08",
            "deathdate": "2016-10-11",
            "owner_dni": "00842280C",
            "owner_fullname": "Ing. Alonso Andr\u00e9s Hijo",
            "residence": "Passeig Camacho, 9, 7\u00ba, 57001, O Sosa",
            "created_at": "2019-05-25 21:10:48",
            "updated_at": "2019-05-25 21:10:48"
        },
        {
            "id": 12,
            "chip": "170872858069650",
            "name": "Teddy",
            "gender": "male",
            "breed_id": 124,
            "color_id": 3,
            "birthdate": "2017-11-01",
            "deathdate": "2017-12-23",
            "owner_dni": "11718385T",
            "owner_fullname": "V\u00edctor Negrete",
            "residence": "Praza Gerard, 963, 94\u00ba A, 37994, Velasco de Lemos",
            "created_at": "2019-05-25 21:10:48",
            "updated_at": "2019-05-25 21:10:48"
        },
        {
            "id": 13,
            "chip": "903249720575462",
            "name": "Loki",
            "gender": "male",
            "breed_id": 166,
            "color_id": 4,
            "birthdate": "2012-10-18",
            "deathdate": null,
            "owner_dni": "64140236K",
            "owner_fullname": "Iker Res\u00e9ndez",
            "residence": "Traves\u00eda Daniel, 982, 7\u00ba 7\u00ba, 05417, Romero Alta",
            "created_at": "2019-05-25 21:10:48",
            "updated_at": "2019-05-25 21:10:48"
        },
        {
            "id": 14,
            "chip": "368374953653754",
            "name": "Max",
            "gender": "male",
            "breed_id": 94,
            "color_id": 6,
            "birthdate": "2018-12-11",
            "deathdate": null,
            "owner_dni": "08536295Y",
            "owner_fullname": "Dr. Lucas Echevarr\u00eda Segundo",
            "residence": "Pla\u00e7a Izan, 44, 64\u00ba 4\u00ba, 48323, Fierro del Vall\u00e8s",
            "created_at": "2019-05-25 21:10:48",
            "updated_at": "2019-05-25 21:10:48"
        },
        {
            "id": 15,
            "chip": "545929674534872",
            "name": "Sophie",
            "gender": "female",
            "breed_id": 64,
            "color_id": 8,
            "birthdate": "2012-10-28",
            "deathdate": "2014-10-12",
            "owner_dni": "04142681J",
            "owner_fullname": "Jana Lovato",
            "residence": "Avenida Solorio, 490, 2\u00ba, 13258, Valles de la Sierra",
            "created_at": "2019-05-25 21:10:48",
            "updated_at": "2019-05-25 21:10:48"
        },
        {
            "id": 16,
            "chip": "051361616302018",
            "name": "Bear",
            "gender": "male",
            "breed_id": 124,
            "color_id": 9,
            "birthdate": "2011-01-14",
            "deathdate": "2012-07-17",
            "owner_dni": "98592780Z",
            "owner_fullname": "Francisco Javier Maldonado",
            "residence": "Plaza Manuela, 0, 7\u00ba 0\u00ba, 30069, As Cepeda",
            "created_at": "2019-05-25 21:10:48",
            "updated_at": "2019-05-25 21:10:48"
        },
        {
            "id": 17,
            "chip": "180652711235468",
            "name": "Bella",
            "gender": "female",
            "breed_id": 178,
            "color_id": 3,
            "birthdate": "2018-01-29",
            "deathdate": "2018-11-24",
            "owner_dni": "09171306X",
            "owner_fullname": "Sra. Aitana Valencia Hijo",
            "residence": "Travessera Victoria, 4, 8\u00ba 8\u00ba, 90848, El Reynoso del Pozo",
            "created_at": "2019-05-25 21:10:48",
            "updated_at": "2019-05-25 21:10:48"
        },
        {
            "id": 18,
            "chip": "909097856466483",
            "name": "Roxy",
            "gender": "female",
            "breed_id": 87,
            "color_id": 3,
            "birthdate": "2011-12-07",
            "deathdate": "2018-09-13",
            "owner_dni": "82702943A",
            "owner_fullname": "Naia Salazar",
            "residence": "Calle Tejeda, 4, Bajos, 41936, Rend\u00f3n de Arriba",
            "created_at": "2019-05-25 21:10:48",
            "updated_at": "2019-05-25 21:10:48"
        },
        {
            "id": 19,
            "chip": "774798484758577",
            "name": "Lucky",
            "gender": "male",
            "breed_id": 208,
            "color_id": 5,
            "birthdate": "2012-09-03",
            "deathdate": null,
            "owner_dni": "95397011A",
            "owner_fullname": "Ainhoa Alcar\u00e1z",
            "residence": "Pla\u00e7a Mart\u00ednez, 90, 08\u00ba B, 47562, L' Quezada del Barco",
            "created_at": "2019-05-25 21:10:48",
            "updated_at": "2019-05-25 21:10:48"
        },
        {
            "id": 20,
            "chip": "639855854476865",
            "name": "Coco",
            "gender": "female",
            "breed_id": 180,
            "color_id": 8,
            "birthdate": "2011-08-08",
            "deathdate": null,
            "owner_dni": "80120902B",
            "owner_fullname": "Gonzalo Requena",
            "residence": "Carrer Alejandra, 94, 5\u00ba E, 94573, San Rodrigo",
            "created_at": "2019-05-25 21:10:48",
            "updated_at": "2019-05-25 21:10:48"
        },
        {
            "id": 21,
            "chip": "516531132323045",
            "name": "Finn",
            "gender": "male",
            "breed_id": 136,
            "color_id": 2,
            "birthdate": "2016-10-20",
            "deathdate": "2019-02-16",
            "owner_dni": "46431271K",
            "owner_fullname": "Dn. Omar Salgado Hijo",
            "residence": "Ruela Victoria, 9, Bajo 3\u00ba, 29922, As Amador del Puerto",
            "created_at": "2019-05-25 21:10:48",
            "updated_at": "2019-05-25 21:10:48"
        },
        {
            "id": 22,
            "chip": "216758021256034",
            "name": "Loki",
            "gender": "male",
            "breed_id": 35,
            "color_id": 2,
            "birthdate": "2019-04-25",
            "deathdate": "2019-05-06",
            "owner_dni": "64478367Y",
            "owner_fullname": "Marta Agosto",
            "residence": "Avenida Maya, 5, \u00c1tico 6\u00ba, 61195, Calvo del Puerto",
            "created_at": "2019-05-25 21:10:48",
            "updated_at": "2019-05-25 21:10:48"
        },
        {
            "id": 23,
            "chip": "822506739264113",
            "name": "Loki",
            "gender": "male",
            "breed_id": 162,
            "color_id": 7,
            "birthdate": "2010-06-09",
            "deathdate": "2018-06-16",
            "owner_dni": "17417476J",
            "owner_fullname": "Ra\u00fal Elizondo",
            "residence": "Avinguda Canales, 18, 1\u00ba D, 23814, O Mu\u00f1iz",
            "created_at": "2019-05-25 21:10:48",
            "updated_at": "2019-05-25 21:10:48"
        },
        {
            "id": 24,
            "chip": "397478603803018",
            "name": "Toby",
            "gender": "male",
            "breed_id": 207,
            "color_id": 6,
            "birthdate": "2018-07-09",
            "deathdate": "2018-12-06",
            "owner_dni": "07063434L",
            "owner_fullname": "Iv\u00e1n Espino",
            "residence": "Plaza Sergio, 6, 41\u00ba B, 64491, Vall Alarc\u00f3n",
            "created_at": "2019-05-25 21:10:48",
            "updated_at": "2019-05-25 21:10:48"
        },
        {
            "id": 25,
            "chip": "572415782153691",
            "name": "Lucky",
            "gender": "male",
            "breed_id": 30,
            "color_id": 9,
            "birthdate": "2011-05-10",
            "deathdate": "2017-01-27",
            "owner_dni": "20262452G",
            "owner_fullname": "Marc Ybarra",
            "residence": "Passeig Carla, 43, 9\u00ba B, 60519, El Lorente de la Sierra",
            "created_at": "2019-05-25 21:10:48",
            "updated_at": "2019-05-25 21:10:48"
        },
        {
            "id": 26,
            "chip": "213013241543263",
            "name": "Rocky",
            "gender": "male",
            "breed_id": 118,
            "color_id": 1,
            "birthdate": "2017-06-29",
            "deathdate": "2018-10-03",
            "owner_dni": "17327864D",
            "owner_fullname": "Laura C\u00f3rdova",
            "residence": "Plaza Ana, 3, 29\u00ba A, 60960, Escudero de Arriba",
            "created_at": "2019-05-25 21:10:48",
            "updated_at": "2019-05-25 21:10:48"
        },
        {
            "id": 27,
            "chip": "323342224669467",
            "name": "Sophie",
            "gender": "female",
            "breed_id": 120,
            "color_id": 8,
            "birthdate": "2019-01-26",
            "deathdate": "2019-02-04",
            "owner_dni": "82265014V",
            "owner_fullname": "Jes\u00fas Briones",
            "residence": "Carrer Ceja, 83, 0\u00ba E, 89928, L' Matos",
            "created_at": "2019-05-25 21:10:48",
            "updated_at": "2019-05-25 21:10:48"
        },
        {
            "id": 28,
            "chip": "845738221019852",
            "name": "Lola",
            "gender": "female",
            "breed_id": 30,
            "color_id": 3,
            "birthdate": "2014-02-15",
            "deathdate": null,
            "owner_dni": "75897605C",
            "owner_fullname": "Carla Granado",
            "residence": "Pla\u00e7a Paula, 312, 9\u00ba, 61251, Las Benavides de las Torres",
            "created_at": "2019-05-25 21:10:48",
            "updated_at": "2019-05-25 21:10:48"
        },
        {
            "id": 29,
            "chip": "287199925824579",
            "name": "Rocky",
            "gender": "male",
            "breed_id": 65,
            "color_id": 1,
            "birthdate": "2013-02-04",
            "deathdate": "2013-12-17",
            "owner_dni": "49648865F",
            "owner_fullname": "Asier Espinal",
            "residence": "Camino V\u00e1zquez, 4, 59\u00ba E, 05631, O Fierro de la Sierra",
            "created_at": "2019-05-25 21:10:48",
            "updated_at": "2019-05-25 21:10:48"
        },
        {
            "id": 30,
            "chip": "641601280338335",
            "name": "Cooper",
            "gender": "male",
            "breed_id": 189,
            "color_id": 1,
            "birthdate": "2014-08-02",
            "deathdate": "2018-09-01",
            "owner_dni": "67537511N",
            "owner_fullname": "Dn. Juan Jos\u00e9 Mares Tercero",
            "residence": "Passeig Roberto, 212, Entre suelo 5\u00ba, 25005, El Camarillo del Vall\u00e8s",
            "created_at": "2019-05-25 21:10:48",
            "updated_at": "2019-05-25 21:10:48"
        },
        {
            "id": 31,
            "chip": "499747332317911",
            "name": "Molly",
            "gender": "female",
            "breed_id": 132,
            "color_id": 5,
            "birthdate": "2011-01-08",
            "deathdate": "2015-01-20",
            "owner_dni": "81635829C",
            "owner_fullname": "Teresa L\u00e1zaro",
            "residence": "Carrer Arnau, 475, Bajo 9\u00ba, 70375, San Carre\u00f3n de la Sierra",
            "created_at": "2019-05-25 21:10:48",
            "updated_at": "2019-05-25 21:10:48"
        },
        {
            "id": 32,
            "chip": "436278717841698",
            "name": "Cooper",
            "gender": "male",
            "breed_id": 84,
            "color_id": 6,
            "birthdate": "2011-08-23",
            "deathdate": null,
            "owner_dni": "20248422G",
            "owner_fullname": "Lic. Alejandra Luque Tercero",
            "residence": "Calle Laia, 06, Bajo 3\u00ba, 43724, El V\u00e9liz",
            "created_at": "2019-05-25 21:10:48",
            "updated_at": "2019-05-25 21:10:48"
        },
        {
            "id": 33,
            "chip": "235258396800504",
            "name": "Rocky",
            "gender": "male",
            "breed_id": 81,
            "color_id": 4,
            "birthdate": "2013-03-22",
            "deathdate": null,
            "owner_dni": "56312812A",
            "owner_fullname": "Lic. Izan Gast\u00e9lum Tercero",
            "residence": "R\u00faa Cavazos, 3, 15\u00ba B, 86821, Villa Caraballo del Puerto",
            "created_at": "2019-05-25 21:10:48",
            "updated_at": "2019-05-25 21:10:48"
        },
        {
            "id": 34,
            "chip": "169717159999383",
            "name": "Cooper",
            "gender": "male",
            "breed_id": 103,
            "color_id": 5,
            "birthdate": "2014-11-23",
            "deathdate": "2019-04-11",
            "owner_dni": "88599861C",
            "owner_fullname": "Srita. Beatriz Polo",
            "residence": "Camino Barroso, 33, 77\u00ba F, 50362, Quiroz de Arriba",
            "created_at": "2019-05-25 21:10:48",
            "updated_at": "2019-05-25 21:10:48"
        },
        {
            "id": 35,
            "chip": "261924618210881",
            "name": "Rocky",
            "gender": "male",
            "breed_id": 1,
            "color_id": 8,
            "birthdate": "2016-06-30",
            "deathdate": null,
            "owner_dni": "80165336D",
            "owner_fullname": "Sandra Res\u00e9ndez",
            "residence": "Paseo Carranza, 7, Entre suelo 7\u00ba, 60972, Cordero del Bages",
            "created_at": "2019-05-25 21:10:48",
            "updated_at": "2019-05-25 21:10:48"
        },
        {
            "id": 36,
            "chip": "665169208835054",
            "name": "Lucky",
            "gender": "male",
            "breed_id": 115,
            "color_id": 2,
            "birthdate": "2011-02-07",
            "deathdate": null,
            "owner_dni": "24041399M",
            "owner_fullname": "Francisco Javier Contreras",
            "residence": "Carrer Lerma, 5, 5\u00ba C, 83596, L' Puig",
            "created_at": "2019-05-25 21:10:48",
            "updated_at": "2019-05-25 21:10:48"
        },
        {
            "id": 37,
            "chip": "898137093749903",
            "name": "Ivy",
            "gender": "female",
            "breed_id": 151,
            "color_id": 9,
            "birthdate": "2013-07-14",
            "deathdate": "2018-08-06",
            "owner_dni": "47505178N",
            "owner_fullname": "Ana Archuleta Hijo",
            "residence": "Camino Marc, 26, 2\u00ba, 49068, Zarate de Arriba",
            "created_at": "2019-05-25 21:10:48",
            "updated_at": "2019-05-25 21:10:48"
        },
        {
            "id": 38,
            "chip": "971039012432017",
            "name": "Max",
            "gender": "male",
            "breed_id": 59,
            "color_id": 1,
            "birthdate": "2015-03-10",
            "deathdate": null,
            "owner_dni": "25126531C",
            "owner_fullname": "David Ferrer",
            "residence": "Paseo Pablo, 2, 65\u00ba 7\u00ba, 28542, L' Miramontes de Lemos",
            "created_at": "2019-05-25 21:10:48",
            "updated_at": "2019-05-25 21:10:48"
        },
        {
            "id": 39,
            "chip": "532288989590874",
            "name": "Coco",
            "gender": "female",
            "breed_id": 70,
            "color_id": 9,
            "birthdate": "2016-10-28",
            "deathdate": null,
            "owner_dni": "11369938A",
            "owner_fullname": "Marina V\u00e1zquez",
            "residence": "Paseo Gonz\u00e1les, 7, 48\u00ba C, 79415, Lovato de Arriba",
            "created_at": "2019-05-25 21:10:48",
            "updated_at": "2019-05-25 21:10:48"
        },
        {
            "id": 40,
            "chip": "163077991557619",
            "name": "Charlie",
            "gender": "male",
            "breed_id": 30,
            "color_id": 4,
            "birthdate": "2009-08-27",
            "deathdate": "2010-03-29",
            "owner_dni": "72252240V",
            "owner_fullname": "Mario Barrios Segundo",
            "residence": "Avenida Gracia, 521, 0\u00ba D, 55805, Alva del Bages",
            "created_at": "2019-05-25 21:10:48",
            "updated_at": "2019-05-25 21:10:48"
        },
        {
            "id": 41,
            "chip": "814069791328434",
            "name": "Lucky",
            "gender": "male",
            "breed_id": 26,
            "color_id": 5,
            "birthdate": "2012-07-31",
            "deathdate": null,
            "owner_dni": "31790581G",
            "owner_fullname": "Vega Villase\u00f1or",
            "residence": "Traves\u00eda Sara, 3, 4\u00ba C, 87386, D\u00edez del Barco",
            "created_at": "2019-05-25 21:10:48",
            "updated_at": "2019-05-25 21:10:48"
        },
        {
            "id": 42,
            "chip": "813150220556764",
            "name": "Roxy",
            "gender": "female",
            "breed_id": 94,
            "color_id": 9,
            "birthdate": "2010-04-26",
            "deathdate": "2013-08-01",
            "owner_dni": "15932589Y",
            "owner_fullname": "Lic. Angela Sol\u00eds",
            "residence": "Calle Cadena, 224, 3\u00ba, 00946, Las G\u00e1mez de la Sierra",
            "created_at": "2019-05-25 21:10:48",
            "updated_at": "2019-05-25 21:10:48"
        },
        {
            "id": 43,
            "chip": "811682338410628",
            "name": "Bella",
            "gender": "female",
            "breed_id": 65,
            "color_id": 2,
            "birthdate": "2013-04-11",
            "deathdate": null,
            "owner_dni": "00405122T",
            "owner_fullname": "Ing. Raquel C\u00f3rdova",
            "residence": "Carrer Vera, 150, 0\u00ba D, 81431, San Aguado",
            "created_at": "2019-05-25 21:10:48",
            "updated_at": "2019-05-25 21:10:48"
        },
        {
            "id": 44,
            "chip": "091040039777080",
            "name": "Lola",
            "gender": "female",
            "breed_id": 93,
            "color_id": 7,
            "birthdate": "2016-06-22",
            "deathdate": null,
            "owner_dni": "93602539Z",
            "owner_fullname": "Diego Bermejo",
            "residence": "Carrer Mel\u00e9ndez, 1, 18\u00ba F, 46853, Vall Parra Alta",
            "created_at": "2019-05-25 21:10:48",
            "updated_at": "2019-05-25 21:10:48"
        },
        {
            "id": 45,
            "chip": "283401079526247",
            "name": "Coco",
            "gender": "female",
            "breed_id": 125,
            "color_id": 2,
            "birthdate": "2013-11-19",
            "deathdate": null,
            "owner_dni": "30735045F",
            "owner_fullname": "Marcos Montero",
            "residence": "Travessera Cerv\u00e1ntez, 991, 68\u00ba A, 08556, O Salvador",
            "created_at": "2019-05-25 21:10:48",
            "updated_at": "2019-05-25 21:10:48"
        },
        {
            "id": 46,
            "chip": "706984709087662",
            "name": "Ivy",
            "gender": "female",
            "breed_id": 130,
            "color_id": 6,
            "birthdate": "2009-06-27",
            "deathdate": "2013-08-11",
            "owner_dni": "13674005E",
            "owner_fullname": "Biel Murillo",
            "residence": "R\u00faa Cristian, 81, 6\u00ba F, 59449, San Gaona del Mirador",
            "created_at": "2019-05-25 21:10:48",
            "updated_at": "2019-05-25 21:10:48"
        },
        {
            "id": 47,
            "chip": "965864082338106",
            "name": "Molly",
            "gender": "female",
            "breed_id": 118,
            "color_id": 9,
            "birthdate": "2014-05-10",
            "deathdate": null,
            "owner_dni": "47997369A",
            "owner_fullname": "Jos\u00e9 Angulo",
            "residence": "Ruela Tapia, 394, 70\u00ba B, 72367, La Vargas del Vall\u00e8s",
            "created_at": "2019-05-25 21:10:48",
            "updated_at": "2019-05-25 21:10:48"
        },
        {
            "id": 48,
            "chip": "553991923401122",
            "name": "Cooper",
            "gender": "male",
            "breed_id": 59,
            "color_id": 2,
            "birthdate": "2014-08-14",
            "deathdate": "2016-07-24",
            "owner_dni": "48352175B",
            "owner_fullname": "Lic. \u00c1lvaro Garc\u00eda",
            "residence": "Cami\u00f1o Angela, 845, 80\u00ba A, 16088, Meza del Pened\u00e8s",
            "created_at": "2019-05-25 21:10:48",
            "updated_at": "2019-05-25 21:10:48"
        },
        {
            "id": 49,
            "chip": "529144697101811",
            "name": "Princess",
            "gender": "female",
            "breed_id": 64,
            "color_id": 5,
            "birthdate": "2015-11-15",
            "deathdate": "2018-11-10",
            "owner_dni": "49222216P",
            "owner_fullname": "Sra. Luna Villarreal Hijo",
            "residence": "Ronda Bustos, 605, 51\u00ba D, 87176, O Archuleta del Vall\u00e8s",
            "created_at": "2019-05-25 21:10:48",
            "updated_at": "2019-05-25 21:10:48"
        },
        {
            "id": 50,
            "chip": "018587134223338",
            "name": "Bella",
            "gender": "female",
            "breed_id": 126,
            "color_id": 1,
            "birthdate": "2016-10-07",
            "deathdate": null,
            "owner_dni": "35997322E",
            "owner_fullname": "Adri\u00e1n Saucedo Tercero",
            "residence": "Ronda Ram\u00f3n, 2, 05\u00ba A, 75412, Longoria del Vall\u00e8s",
            "created_at": "2019-05-25 21:10:48",
            "updated_at": "2019-05-25 21:10:48"
        }
    ],
    "message": "Dogs retrieved successfully."
}